ID,Brand,Name,Original Price,Price,Category
VI077EWKTTN3,Vivetta,Джемпер,31400,20096,Джемпер
VI005EWKKEF7,Violeta,Джинсы - MARINA,4999,4999,Джинсы
ZO011EWKELF4,Zolla,Юбка,1299,1104,Юбка
ZD002EWLBZB2,Z-Design,Куртка утепленная,13299,13299,Куртка
VI005EWLEIL5,Violeta,Куртка кожаная - ISABEL7,15999,15999,Куртка
VI005EWLFAY3,Violeta,Платье - MABEL,4299,4299,Платье
VA984EWKJMF5,Vans,Куртка утепленная WM QUILTED V MOCK,8790,8790,Куртка
WO004FWKFJP3,women'secret,Носки,399,319,Носки
TR015EWKKHL8,TrendyAngel,Куртка джинсовая,10599,3175,Куртка
TR015EWKKHL7,TrendyAngel,Куртка джинсовая,10599,4235,Куртка
VI005EWKYOE0,Violeta,Платье - NATASHA,7499,7499,Платье
SU789EWBYSW3,Superdry,Куртка утепленная,14799,7400,Куртка
SO017EWJISK1,Softy,Куртка джинсовая,6799,2715,Куртка
VI005EWLABZ1,Violeta,Джемпер - GINA,2499,2499,Джемпер
WI011EWKOXV5,Winzor,Костюм,12599,4405,Костюм
SO017EWJINU3,Softy,Плащ,10699,4275,Плащ
VI005EWKYNQ3,Violeta,Платье - RITA,7499,7499,Платье
VI005EWIRNQ0,Violeta,Джинсы - ANDREA,4999,4999,Джинсы
RO165EWKNRO9,Roxy,Куртка утепленная,7399,6650,Куртка
WO004EWHWMK6,women'secret,Блуза,2899,1155,Блуза
WA007EWLAOM8,Wallis,Жакет,5599,5599,Жакет
VI005EWKWPH3,Violeta,Кардиган - AGORA,3599,3599,Кардиган
RO165EWKNRN7,Roxy,Куртка утепленная,8599,6010,Куртка
VI005EWLABX7,Violeta,Шорты - GABI-I,2499,2499,Шорты
TO029EWKMNH7,Topshop,Джинсы,5399,2828,Джинсы
VI005EWKVRK1,Violeta,Платье - ZEBRE7,7499,4999,Платье
WA007EWGMOY1,Wallis,Брюки,4299,1715,Брюки
RO165EWEXKP6,Roxy,Куртка утепленная FREESE REV,19999,17990,Куртка
RE005EWJMKB7,Reebok,Куртка TRACK JACKET PIPING,6499,3633,Куртка
VI005EWKIJH0,Violeta,Футболка - RAYETA,3599,2499,Футболка
VI005EWKCIE7,Violeta,Брюки - GEMMA,4999,3499,Брюки
RE005EWJMIP6,Reebok,Куртка CL GP WE FLEECE AOP HZ,6999,4752,Куртка
RE005EWJMIP3,Reebok,Куртка CL GP WE FLEECE AOP HZ,6999,6999,Куртка
TR015EWKXMI3,TrendyAngel,Платье,3990,2392,Платье
TR015EWKIPE5,TrendyAngel,Леггинсы,3990,1795,Леггинсы
PU053EWJZQH5,PUMA,Куртка утепленная ESS+ Long Padded Coat,9490,9490,Куртка
WO004EWHVKG9,women'secret,Бюстгальтер PUSH UP,2899,1155,Бюстгальтер
WO004EWKFKF1,women'secret,Бюстгальтер TRIANGULAR,1499,1274,Бюстгальтер
WA007EWLCWL5,Wallis,Джинсы,4299,4299,Джинсы
WA007EWKYGB8,Wallis,Свитер,4699,3520,Свитер
TO029EWKCRQ4,Topshop,Джинсы,4899,4899,Джинсы
PU053EWJZQH1,PUMA,Куртка утепленная ESS Padded Jacket,5990,5990,Куртка
TO039EWJWYP5,Topshop,Платье,4299,3860,Платье
WA007EWJPMT6,Wallis,Жакет,5899,2650,Жакет
NI464EWJOLW3,Nike,Ветровка W NSW WR JKT PLUS,6499,3864,Ветровка
MP002XW1GCVB,Concept,Пальто,5499,3499,Пальто
MP002XW1CQ97,Befree,Куртка утепленная,2999,2999,Куртка
WR224EWLBHK4,Wrangler,Свитшот,4799,4799,Свитшот
MP002XW1CQ7V,Befree,Куртка утепленная,3599,2879,Куртка
TR015EWKIPE2,TrendyAngel,Леггинсы,3990,2373,Леггинсы
VI005EWKSQU2,Violeta,Худи - CUPCAKE,4999,4999,Худи
SP014EWKMMG7,Springfield,Джинсы 5 POCKETS,2799,2239,Джинсы
MP002XW1CQ7U,Befree,Куртка утепленная,3599,2879,Куртка
MP002XW1CQ7T,Befree,Куртка утепленная,3599,2879,Куртка
WO004EWKFKE8,women'secret,Трусы THONG,1099,497,Трусы
VI005EWIIPG4,Violeta,Пуловер - LISA,2499,1999,Пуловер
MP002XW16DET,Trifo,Пальто,11050,11050,Пальто
VI005EWLFAY8,Violeta,Куртка кожаная - CHELSEA7,15999,15999,Куртка
TH008EWIAWZ4,Theory,Платье,46400,18560,Платье
MP002XW15CIB,Zarina,Пальто,4999,3499,Пальто
WO011EWIKZO7,Wolford,Туника Alexa Tunic,31900,31900,Туника
VI005EWLADN2,Violeta,Джинсы - VALENTIN,4999,4999,Джинсы
MP002XW15CIA,Zarina,Пальто Exclusive online,4999,3499,Пальто
VI005EWLABW4,Violeta,Юбка - PANTERA,6499,6499,Юбка
MP002XW15ACI,Columbia,Пуховик South Canyon™,19999,19999,Пуховик
TR015EWKQBP4,TrendyAngel,Кардиган,4990,2618,Кардиган
VI005EWLABX8,Violeta,Топ - GABI-I,2499,2499,Топ
SP014EWKEGX5,Springfield,Джемпер,1199,1199,Джемпер
SP014EWKDYL3,Springfield,Платье,3199,2870,Платье
SP014EWKEHA1,Springfield,Брюки,2799,2799,Брюки
MP002XW15ACF,Columbia,Пуховик Grand Trek™,11999,11999,Пуховик
SP014EWKEGV0,Springfield,Свитер,3799,3799,Свитер
MP002XW13IO4,Bask,Пуховик CHAMONIX LIGHT LJ,14900,14900,Пуховик
MP002XW10DTE,Urban,Плащ,9999,9999,Плащ
SE011EWJZKA6,See,Платье,41400,31050,Платье
RO165EWKNQP3,Roxy,Платье,4599,3909,Платье
VI005EWLFAY2,Violeta,Рубашка - PLANA7,2499,2499,Рубашка
MP002XW0SFR5,Merrell,Парка,8999,8999,Парка
VI005EWKOOR1,Violeta,Блуза - TEXAS,4999,3599,Блуза
SE011EWKYRO3,See,Джемпер,34000,34000,Джемпер
SP014EWKFCI2,Springfield,Джинсы JEGGING,2799,2239,Джинсы
WO004EWHWMT7,women'secret,Лиф SUPER PUSH UP,2999,1270,Лиф
VI005EWKOZT2,Violeta,Жакет - SMARTY,8999,3599,Жакет
TO039EWJPMR1,Topshop,Джинсы,5899,3094,Джинсы
VI005EWKOOO5,Violeta,Юбка - PARADIS,6499,4999,Юбка
VI005EWKMAI2,Violeta,Блуза - BAMBO,3599,3599,Блуза
MP002XW0QQ70,Malaeva,Куртка,9800,6860,Куртка
MP002XW0QNR0,Helly,Ветровка W SCAPE LONG JACKET,7490,4869,Ветровка
MP002XW0QNQN,Helly,Ветровка W BREEZE PACKABLE WIND JACKET,7990,5593,Ветровка
RE025EWJWQC2,Red,Платье,82000,32800,Платье
PU053EWLEYH4,PUMA,Платье Athletics Dress FL,3790,3790,Платье
MP002XW0QNQL,Helly,Ветровка W SCAPE LONG JACKET,7490,4869,Ветровка
WO004EWKIJI2,women'secret,Пижама,2899,2600,Пижама
SP014EWKDYK1,Springfield,Брюки STRAIGHT VINTAGE,3199,2710,Брюки
SP014EWKFCI1,Springfield,Джинсы JEGGING,2799,2799,Джинсы
MP002XW02WXR,Zarina,Пальто LIMITED COLLECTION,5999,5999,Пальто
MP002XW02ND0,Mustang,Куртка кожаная,17899,17899,Куртка
SE011EWKDPO4,See,Джемпер,27600,27600,Джемпер
PI752EWJPRB6,Pieces,Платье,4899,3670,Платье
MP002XW00331,Mustang,Куртка утепленная Heidi H puffparka,13599,13599,Куртка
UL002EWJXZF9,Ulla,Джемпер,8199,8199,Джемпер
UL002EWJXZD4,Ulla,Свитшот,4999,4240,Свитшот
SE011EWJZKA5,See,Брюки,29900,19136,Брюки
PE025EWJVSA3,Persona,Платье DAMA,27999,27999,Платье
SP014EWKEHA8,Springfield,Джинсы STRAIGHT FIT,2799,2799,Джинсы
MO012EWJTBX2,Morgan,Куртка кожаная,6499,3250,Куртка
MA093EWFYZY2,Massimiliano,Жилет,7199,1795,Жилет
SA037EWKNHG0,Samoon,Джинсы,14500,10870,Джинсы
PE003EWJVOZ9,Pennyblack,Платье CIRRO,16500,16500,Платье
SE011EWKAAA7,See,Кардиган,42500,19125,Кардиган
JA021EWKRYC5,Jack,Куртка утепленная BAFFIN ISLAND COAT,21890,15760,Куртка
TO029EWKVHS9,Topshop,Свитшот,3799,2840,Свитшот
JA021EWKRYC4,Jack,Куртка утепленная BAFFIN ISLAND COAT,21890,19700,Куртка
NI464EWJOMB9,Nike,Тайтсы W NK SWOOSH RUN TGHT 7_8 PLUS,3999,3999,Тайтсы
JA021EWKRXW5,Jack,Куртка утепленная WILDWOOD JACKET W,23790,17128,Куртка
RO165EWKNRK7,Roxy,Джемпер,6299,6299,Джемпер
OO001EWFFOH8,oodji,Платье,1799,1799,Платье
IX001XW00PEC,Oysho,Куртка утепленная,6999,6999,Куртка
SP014EWKEHA7,Springfield,Джинсы STRAIGHT FIT,2799,2799,Джинсы
SP014EWKEHA4,Springfield,Джинсы SLIM CROPPED,2799,2799,Джинсы
IC461EWKVDT8,Iceberg,Пальто,66800,53440,Пальто
TR015EWKKHK9,TrendyAngel,Костюм спортивный,8999,4045,Костюм
SP014EWKEGY7,Springfield,Рубашка,2399,2399,Рубашка
GE347EWKKRX7,Geox,Куртка утепленная,24990,24990,Куртка
NI464EWJOLY0,Nike,Платье W NSW ICN CLSH DRESS SS PLUS,4399,4399,Платье
PI752EWJQAG5,Pieces,Джемпер,3899,2648,Джемпер
FA047EWVJC26,Fadas,Куртка утепленная,21799,9149,Куртка
WO004EWKFJR1,women'secret,Сорочка ночная,2899,2319,Сорочка
NI464EWJOMA6,Nike,Брюки спортивные W NSW PNT WVN ARCHVE RMX PLUS,5999,3353,Брюки
DI303EWJPID9,Diesel,Куртка утепленная,32999,26390,Куртка
SP014EWKEGZ6,Springfield,Джинсы SLIM CROPPED,3199,2710,Джинсы
CA105EWKERH4,Calvin,Куртка утепленная,30990,30990,Куртка
RO165EWLFKG1,Roxy,Брюки горнолыжные,14299,14299,Брюки
NI464EWHUMX5,Nike,Платье W NSW CORE MESH DRESS PLUS,2799,2799,Платье
VI005EWKLIV3,Violeta,Юбка - TOWAYA,3599,3599,Юбка
PI752EWJPRB9,Pieces,Джемпер,3899,3500,Джемпер
WO004EWKFKE7,women'secret,Трусы HIPSTER,1199,707,Трусы
BR019EWKNKW8,Brave,Шуба,3999,3590,Шуба
BI009EWHCXG8,Billabong,Куртка утепленная TRANSPORT PUFFER,9999,6293,Куртка
AD093EWJMAA0,adidas,Ветровка LS DRESS,6470,3619,Ветровка
WO004EWHWMT6,women'secret,Лиф HALTER,2999,1345,Лиф
NA018EWKTRR0,Naf,Платье,5699,3980,Платье
NI464EWJOMA2,Nike,Брюки W NSW SWSH PANT PK PLUS,4499,4499,Брюки
AD002EWJMTR8,adidas,Куртка W ST Glam CovUp,6490,5840,Куртка
NA018EWKTRP9,Naf,Джинсы,4599,4130,Джинсы
AD002EWJMTR7,adidas,Куртка W ST Glam CovUp,6490,6490,Куртка
UN012EWJZEP8,United,Жакет,3999,3590,Жакет
RO165EWKNSQ8,Roxy,Брюки горнолыжные,14699,14699,Брюки
SU789EWKDIY9,Superdry,Худи,6799,6799,Худи
AD002EWJMSX7,adidas,Куртка утепленная W XPLORIC 3S J,11990,10790,Куртка
PI752EWJPRB2,Pieces,Джемпер,4399,3510,Джемпер
AD002EWJMSX5,adidas,Куртка утепленная W XPLORIC 3S J,11990,10190,Куртка
RO165EWKNSQ5,Roxy,Тайтсы,3899,2482,Тайтсы
NI464EWJOLY4,Nike,Тайтсы W NIKE ONE T 7/8 NK GX PLUS,3499,3499,Тайтсы
LI687EWKFDD5,Liu,Пальто,40900,40900,Пальто
MP002XW1GBI1,Calzedonia,Джинсы,3299,3299,Джинсы
RO050EWHEQS5,Rock,Парка,12199,6100,Парка
UN012EWJZEP7,United,Жакет,3999,3590,Жакет
MP002XW1ICL1,Forus,Платье,4600,3220,Платье
RO165EWKNSP4,Roxy,Брюки,5799,5799,Брюки
SM007EWHOCD5,SMF,Жилет утепленный,3299,1150,Жилет
MP002XW1G9LT,Incanto,Бюстгальтер,3499,3499,Бюстгальтер
VI005EWLADK6,Violeta,Пальто - ROSI7,15999,15999,Пальто
MP002XW1G6C4,Befree,Джинсы,2299,1862,Джинсы
TR016EWKOPO1,Trussardi,Куртка утепленная,27800,25020,Куртка
MP002XW1GOH8,Olivegrey,Платье LUSSY,9390,9390,Платье
MP002XW1GCV9,Concept,Платье,2199,2199,Платье
TR015EWKIPH5,TrendyAngel,Пальто,14990,14990,Пальто
VI005EWKCVH3,Violeta,Юбка - SUMMER,4999,2999,Юбка
TR015EWKKHK8,TrendyAngel,Костюм спортивный,8999,3820,Костюм
SP014EWKEHC8,Springfield,Пуховик,8999,8999,Пуховик
PI752EWJPRA7,Pieces,Джемпер,3399,1525,Джемпер
TR015EWKKHK7,TrendyAngel,Костюм спортивный,8999,3145,Костюм
PI752EWJPRA0,Pieces,Джемпер,3899,3899,Джемпер
SO017EWJINU1,Softy,Плащ,10699,4275,Плащ
RE160EWJMDT9,Reebok,Брюки спортивные TE Linear Logo FL Pant,3999,3999,Брюки
MP002XW1G9GB,Adzhedo,Плащ,6300,4890,Плащ
MP002XW1F08J,Zarina,Брюки,2199,1899,Брюки
SE011EWKAAA4,See,Пальто,73300,65970,Пальто
MP002XW1BZG5,Concept,Платье,1799,1799,Платье
RO165EWKNRQ0,Roxy,Куртка утепленная,16399,16399,Куртка
RO165EWKNRO8,Roxy,Куртка утепленная,5999,5999,Куртка
UN012EWJZEC9,United,Юбка,3999,3999,Юбка
SP014EWKEGY6,Springfield,Рубашка,2399,2030,Рубашка
MP002XW18SDN,Love,Платье,4999,4999,Платье
RO165EWKNRO4,Roxy,Куртка утепленная,5999,5999,Куртка
NA018EWKTRO8,Naf,Пуловер,4399,3290,Пуловер
RO165EWKNRO3,Roxy,Куртка утепленная,10499,10499,Куртка
WO004EWKFKA4,women'secret,Трусы 3 шт HIPSTER,1699,850,Трусы
MP002XW1G6QR,Gorsenia,Трусы,2400,1440,Трусы
QU192EWKNQL8,Quiksilver,Куртка утепленная,8599,8599,Куртка
TR015EWKKHK6,TrendyAngel,Костюм спортивный,8999,4045,Костюм
MP002XW15AO6,Befree,Джинсы,1799,1295,Джинсы
MP002XW16PMZ,Silver,Платье,5400,1990,Платье
VI005EWKIDO4,Violeta,Футболка - PINA,2499,1599,Футболка
MP002XW1I4S6,Zarina,Джемпер,2599,1259,Джемпер
PU053EWJZQG4,PUMA,Куртка утепленная Classics Shine Down Jacket,16990,16990,Куртка
PU053EWJZPW2,PUMA,Ветровка Ignite Wind Jacket,4790,2681,Ветровка
PU053EWJZQP3,PUMA,Тайтсы Train Logo HR 7/8 Tight,4190,4190,Тайтсы
PI752EWJPRC2,Pieces,Куртка утепленная,5899,5010,Куртка
MP002XW15C2A,Karl,Платье,19600,19600,Платье
PI752EWJPRA6,Pieces,Куртка,3899,2336,Куртка
MP002XW15AO5,Befree,Джинсы,1799,1295,Джинсы
NI464EWKNWV8,Nike,Ветровка W NSW WR JKT PLUS,6499,6499,Ветровка
MP002XW1G5RF,Incanto,Брюки,2999,2549,Брюки
UN012EWBYOJ5,United,Пиджак,3999,3590,Пиджак
MP002XW1I4S3,Zarina,Джемпер,2999,1721,Джемпер
MP002XW152U6,Vikki-Nikki,Платье,2600,1699,Платье
NI464EWJOJH3,Nike,Ветровка W NSW JKT WVN,4499,3590,Ветровка
WO004EWKFJI5,women'secret,Боди,3199,1435,Боди
MP002XW1IHLN,Milana,Кейп,3600,3600,Кейп
PU053EWJZQL9,PUMA,Леггинсы Nu-tility High 7/8 Leggings,2990,2990,Леггинсы
MP002XW1G3H4,Antiga,Брюки,3599,2879,Брюки
MP002XW11W49,Rodionov,Платье,5490,1100,Платье
MP002XW1CQ96,Befree,Куртка утепленная,2999,2999,Куртка
MP002XW14HKF,Velocity,Джинсы,3900,3510,Джинсы
MP002XW1I4RU,Zarina,Джемпер,2599,1007,Джемпер
MP002XW1CQ7S,Befree,Куртка утепленная,3599,2879,Куртка
UN012EWJZBG2,United,Юбка,6599,6599,Юбка
MP002XW15CI9,Zarina,Пальто,4999,3499,Пальто
RU006EWKNCU0,Rukka,Олимпийка,3399,1700,Олимпийка
MP002XW11M0Y,Michael,Платье,21900,21900,Платье
RO165EWIJJF8,Roxy,Блуза,4690,1640,Блуза
MP002XW15CI5,Zarina,Пальто,8999,3999,Пальто
MP002XW1HUHO,Befree,Джемпер,2599,831,Джемпер
RO165EWKNST9,Roxy,Худи,5499,5499,Худи
MP002XW14E0T,Infinity,Бюстгальтер,1199,699,Бюстгальтер
MP002XW15BPW,Gloss,Куртка,5790,1990,Куртка
MP002XW14HKC,Velocity,Джинсы,3900,3510,Джинсы
MP002XW15ACB,Columbia,Куртка утепленная Suttle Mountain™,11999,8999,Куртка
MP002XW14E5H,Fashion.Love.Story,Куртка утепленная,6400,4800,Куртка
MP002XW1224N,Incanto,Пальто,11999,9599,Пальто
MP002XW11EUC,Adzhedo,Платье,7400,5190,Платье
WO004EWKFKA1,women'secret,Комплект BRASILIEN,2199,1759,Комплект
PU053EWJZQI3,PUMA,Тайтсы Evostripe Evoknit 7/8 Tight,3490,3490,Тайтсы
MP002XW11M74,D.Jagazi,Плащ,13990,3990,Плащ
TR015EWKQBQ3,TrendyAngel,Костюм,7990,7190,Костюм
MP002XW0RVTC,Chic,Куртка,13320,7243,Куртка
MP002XW1GCXX,Concept,Джемпер,1399,999,Джемпер
MP002XW13IRC,Velocity,Джинсы,5400,3950,Джинсы
UN012EWJZBG1,United,Юбка,6599,5930,Юбка
MP002XW0HCNM,Mustang,Куртка утепленная Heidi H Shortparka,11999,11999,Куртка
MP002XW0S45N,Falconeri,Платье,16900,16900,Платье
UL002EWJXYZ1,Ulla,Юбка,8199,3685,Юбка
MP002XW0GUPU,Lacoste,Парка,38900,38900,Парка
MP002XW03ACS,Love,Шуба,9999,9999,Шуба
PI752EWJPRB3,Pieces,Леггинсы,3399,3050,Леггинсы
VA020EWKMRX4,Vagi,Костюм,9499,4319,Костюм
MP002XW02SOM,Zarina,Куртка утепленная,4999,3999,Куртка
MP002XW0EB11,Sport,Платье,4450,1999,Платье
VI005EWKCUQ4,Violeta,Футболка - NUBE,3599,1999,Футболка
TR015EWKKHK4,TrendyAngel,Костюм спортивный,10699,4810,Костюм
QU192EWLFMS2,Quiksilver,Блуза,4699,4699,Блуза
MP002XW0EABA,Merrell,Платье,2999,2999,Платье
NI464EWKNWU9,Nike,Тайтсы W NK FAST CROP RUNWAY PR HR,3999,2712,Тайтсы
MP002XW1224Z,Incanto,Бюстгальтер,3999,3999,Бюстгальтер
MA204EWKOVA6,Marc,Куртка джинсовая,14399,14399,Куртка
MP002XW14HGV,oodji,Джинсы,2299,2299,Джинсы
RO165EWKNSH5,Roxy,Худи,4999,4999,Худи
VA984EWKRKJ5,Vans,Футболка Vans X The Simpsons,3190,3190,Футболка
KA025EWKRLD8,Karl,Парка,40100,40100,Парка
MP002XW118VB,Incanto,Плавки,1999,1699,Плавки
JA908EWJPFL6,Jacqueline,Куртка утепленная,4999,4490,Куртка
MP002XW02WY2,Zarina,Платье LIMITED COLLECTION,3599,3599,Платье
MP002XW1GCTY,Concept,Джемпер,1399,1199,Джемпер
JA021EWKRXW4,Jack,Куртка утепленная KYOTO COAT W,16190,11656,Куртка
MP002XW11HU4,Love,Джинсы,2999,1499,Джинсы
JA021EWKRXW3,Jack,Куртка утепленная WILDWOOD JACKET W,23790,17128,Куртка
VI005EWKIDQ5,Violeta,Шорты - BUCARA,3599,2299,Шорты
MP002XW11CPD,Concept,Джинсы,2399,2399,Джинсы
TR015EWKQBO2,TrendyAngel,Юбка,4990,2793,Юбка
MP002XW02R3P,Артесса,Платье,5300,5300,Платье
IX001XW00N93,Pull&Bear,Куртка,1899,1299,Куртка
MP002XW0Y6YO,Incanto,Трусы,1799,1799,Трусы
IM004EWKNAE2,Imperial,Шуба,17999,12599,Шуба
NI464EWKNWU8,Nike,Тайтсы W NIKE ONE LUXE MR TIGHT,5299,4504,Тайтсы
HE012EWKGQD3,Helly,Пуховик W VERGLAS HOODED DOWN INSULATO,18990,18990,Пуховик
MP002XW02PTB,Xarizmas,Платье,4990,1990,Платье
UL002EWKRCQ5,Ulla,Футболка,4199,3770,Футболка
HE012EWKGQB4,Helly,Плащ W VALKYRIE JACKET,11990,11990,Плащ
MP002XW0NOD5,Befree,Джинсы,2999,2999,Джинсы
WO004EWKFJP4,women'secret,Сорочка ночная,3799,1705,Сорочка
HE012EWKGPZ0,Helly,Пуховик W SVALBARD DOWN JACKET,18990,11298,Пуховик
HE012EWKGPY8,Helly,Пуховик W SVALBARD DOWN JACKET,18990,17090,Пуховик
MP002XW1CQ8U,Befree,Джемпер,1599,1599,Джемпер
MP002XW1C3N0,Love,Джемпер,2599,1937,Джемпер
HE012EWFQZU7,Helly,Парка W LONGYEAR II PARKA,29990,18893,Парка
MP002XW0Y6YK,Incanto,Трусы,1799,1529,Трусы
PI032EWKDPD1,Pietro,Джемпер,12699,11420,Джемпер
GU644EWJXVC8,Guess,Куртка утепленная,17390,15650,Куртка
MP002XW14JYY,Mokko,Кардиган,5200,3640,Кардиган
GE347EWKKRX3,Geox,Куртка утепленная,22990,22990,Куртка
VI005EWKOOP7,Violeta,Боди - FAMA-I,3599,3599,Боди
MP002XW0YBHO,Qwentiny,Кардиган,5990,5990,Кардиган
WO004FWKFJP2,women'secret,Носки,399,319,Носки
TO054EWJQVJ0,Tory,Юбка,57100,25692,Юбка
EL026EWKRPZ8,Elsi,Куртка джинсовая,25499,11595,Куртка
MP002XW0EEFY,Befree,Джинсы,2799,2799,Джинсы
CA105EWKERH0,Calvin,Пуховик,26990,26990,Пуховик
BR019EWKNKW7,Brave,Шуба,3999,3390,Шуба
TR015EWKQBR9,TrendyAngel,Костюм,7990,4753,Костюм
BR019EWJXBG3,Brave,Куртка утепленная,6199,5570,Куртка
NI464EWJOMA1,Nike,Брюки спортивные W NSW SWSH PANT PK PLUS,4499,4499,Брюки
BR019EWHYIM4,Brave,Куртка,4799,2155,Куртка
TO029EWJWYP0,Topshop,Жакет,5099,3664,Жакет
MP002XW0EBC6,Concept,Джинсы,1999,1999,Джинсы
AS455EWKAWM7,ASICS,Пуховик DOWN HOODED JACKET,11990,11990,Пуховик
MO012EWJTCL3,Morgan,Платье,6999,3145,Платье
MP002XW0SFR2,Merrell,Куртка утепленная,9999,9999,Куртка
AD002EWJMTQ0,adidas,Пуховик W GLAM ON PUF J,17990,17990,Пуховик
NA018EWKTRO3,Naf,Брюки,3599,3599,Брюки
MP002XW0RXRL,Concept,Пуловер,699,699,Пуловер
MP002XW0SCGW,Befree,Комбинезон,2299,1241,Комбинезон
MP002XW0EDRW,LO,Куртка утепленная,25950,25950,Куртка
MP002XW0HBES,AltraNatura,Джемпер,3500,2800,Джемпер
MP002XW003J1,Lakbi,Жилет кожаный,16000,16000,Жилет
PE003EWJVPM6,Pennyblack,Блуза MIDOLLO,17800,17800,Блуза
MP002XW0EFQC,PF,Плащ,10000,10000,Плащ
WO004EWKFJP7,women'secret,Комплект HIPSTER,2199,1869,Комплект
MO012EWJTCL2,Morgan,Платье,4899,4899,Платье
UN012EWJZEJ4,United,Комбинезон,9599,8630,Комбинезон
VA984EWKJMF4,Vans,Куртка утепленная WM QUILTED V MOCK,8790,8790,Куртка
MP002XW0GWSR,Agenda,Жилет,3290,3290,Жилет
ZO011EWLFIQ7,Zolla,Шуба,4999,4999,Шуба
TO029EWKCFN6,Topshop,Юбка,3699,1547,Юбка
MA111EWJVQK7,Max&Co,Платье PUNTINA,24900,24900,Платье
MP002XW0EBC5,Concept,Джинсы,1799,1799,Джинсы
VI005EWLABV6,Violeta,Пальто - HOODIE,8999,8999,Пальто
TR015EWKKHK3,TrendyAngel,Костюм спортивный,10699,5236,Костюм
JU008EWJPJP8,Junarose,Платье,4199,2345,Платье
TR016EWKOPO2,Trussardi,Куртка утепленная,29800,29800,Куртка
MP002XW0S2U4,Steinberg,Куртка,18490,9430,Куртка
TR015EWKIPH1,TrendyAngel,Полупальто,13990,8952,Полупальто
MP002XW0DKZL,Befree,Джинсы,1999,1999,Джинсы
MP002XW0EFOV,Erteks,Леггинсы,1590,1590,Леггинсы
TR015EWKIPF4,TrendyAngel,Пальто,14990,14990,Пальто
MP002XW1IOKI,Viserdi,Блуза,4799,1680,Блуза
TO029EWKOFN1,Topshop,Куртка утепленная,8299,7050,Куртка
NA018EWIKXG9,Naf,Брюки,5899,2060,Брюки
MP002XW0FVSU,Concept,Джемпер,1199,1199,Джемпер
SP014EWKEHC7,Springfield,Пуховик,8999,8999,Пуховик
IC461EWKVDU0,Iceberg,Платье,42900,38610,Платье
SP014EWKEHC5,Springfield,Куртка утепленная,4999,4999,Куртка
RO165EWKNSG9,Roxy,Свитшот,4199,3560,Свитшот
MP002XW0DKWZ,Befree,Джинсы,2599,2599,Джинсы
IC461EWJNTO5,Iceberg,Платье,74600,22380,Платье
RU006EWKNCS2,Rukka,Куртка утепленная,17299,13226,Куртка
MP002XW035UM,Fergo,Парка,29500,22125,Парка
TH008EWKWOE3,Theory,Пиджак,52300,47070,Пиджак
RU006EWKNCS1,Rukka,Куртка утепленная,17299,17299,Куртка
RO047EWIOKD0,Roberto,Олимпийка,28099,9830,Олимпийка
MP002XW0FVST,Concept,Джемпер,1199,799,Джемпер
RO165EWKNRM7,Roxy,Куртка утепленная,16399,16399,Куртка
VE389EWHJLN3,Vero,Туника пляжная,1299,909,Туника
RI005EWKSFW1,Rinascimento,Куртка утепленная,19299,12152,Куртка
MP002XW0EFC8,Sela,Джемпер,1199,1199,Джемпер
RE025EWKDHA1,Red,Полупальто,61400,34384,Полупальто
TH008EWJPOG9,Theory,Юбка,40800,18360,Юбка
MP002XW0DKWS,Befree,Джинсы,2599,2599,Джинсы
QU192EWKNQL6,Quiksilver,Куртка джинсовая,6999,6999,Куртка
GO015EWIYDA6,Goddiva,Платье,8799,3515,Платье
PU053EWJZPU1,PUMA,Куртка утепленная Classics Shine Down Jacket,16990,16990,Куртка
MP002XW02WM7,Whitney,Джинсы,8490,4924,Джинсы
MP002XW0DKWR,Befree,Джинсы,2599,2599,Джинсы
PO024EWKYWZ2,Poivre,Куртка горнолыжная,26600,26600,Куртка
SU789EWKDIW4,Superdry,Футболка,2599,2079,Футболка
VI005EWKYOF1,Violeta,Топ - METAL7,3599,3599,Топ
PA079EWJYOT7,Part,Пуховик,23799,21410,Пуховик
MP002XW1IK2N,Zarina,Брюки,2999,1343,Брюки
GL008EWKBCE3,Glamorous,Платье,4500,2025,Платье
NI464EWKDOC6,Nike,Ветровка W NK AIR JKT HD,6499,6499,Ветровка
MP002XW1GDOY,Befree,Брюки,1799,1133,Брюки
MP002XW02NYJ,Calvin,Бюстгальтер,3500,3500,Бюстгальтер
NI464EWHULQ5,Nike,Ветровка W NSW INDIO JKT WOVEN AOP,8290,4641,Ветровка
TO072EWLGUM6,Toku,Костюм спортивный,6000,4190,Костюм
MP002XW1IHKU,Milana,Пончо,3599,3599,Пончо
RE160EWJMEO9,Reebok,Худи WOR MYT Warming 1/4 Zip,4499,2513,Худи
MP002XW02RSA,Major,Джинсы,7000,7000,Джинсы
MP002XW1GCV8,Concept,Пальто,5499,3499,Пальто
MP002XW1GDOW,Befree,Блуза,999,539,Блуза
MP002XW1CQ7R,Befree,Куртка утепленная,2999,2399,Куртка
WO004EWKFJG2,women'secret,Комплект HIPSTER,2599,2599,Комплект
GL008EWKBCE1,Glamorous,Платье,3700,1665,Платье
MP002XW1GCT0,Concept,Брюки,1999,1399,Брюки
MP002XW1CQ7Q,Befree,Куртка утепленная,2999,2399,Куртка
MP002XW02NYG,Calvin,Трусы,2000,2000,Трусы
MP002XW1CQ7P,Befree,Куртка утепленная,2999,2399,Куртка
VI005EWKWPC1,Violeta,Майка - BASI,999,999,Майка
MP002XW03H4M,Befree,Свитер,1799,1799,Свитер
MP002XW14HKG,Velocity,Брюки,3900,3400,Брюки
WO004EWKFJG1,women'secret,Комплект HIPSTER,2599,2599,Комплект
MP002XW15DUL,Tantino,Куртка,10800,10800,Куртка
EV006EWJEBO4,Evans,Платье,5299,2380,Платье
MP002XW15AC8,Columbia,Куртка утепленная Heavenly™,11999,11999,Куртка
MP002XW10ECY,Gollehaug,Брюки,6590,3620,Брюки
MP002XW14JE1,Zarina,Плащ Limited edition,6599,4199,Плащ
MP002XW11V46,Incity,Пальто,4999,4999,Пальто
MP002XW02NYF,Calvin,Бюстгальтер,3500,3500,Бюстгальтер
SW007EWJPZE2,Sweewe,Юбка,3999,1395,Юбка
TR015EWKUMS8,TrendyAngel,Комбинезон,7990,6390,Комбинезон
MP002XW10OB9,One.Two,Куртка,5300,4240,Куртка
MP002XW0SFQY,Merrell,Куртка утепленная,8999,8999,Куртка
EV006EWFWNA3,Evans,Платье,4499,1570,Платье
TH008EWJPOH6,Theory,Пиджак,60800,34048,Пиджак
MP002XW03H4L,Befree,Свитер,1799,1799,Свитер
MP002XW0SFQX,Merrell,Куртка утепленная,8999,8999,Куртка
MP002XW0SFQW,Merrell,Пуховик,11999,11999,Пуховик
WO004EWKFJJ7,women'secret,Платье домашнее,3299,2960,Платье
TO072EWKZPU8,Toku,Костюм спортивный,7199,4277,Костюм
MP002XW0S7EF,LO,Куртка,9650,9650,Куртка
MP002XW103TP,Velocity,Брюки,4200,3100,Брюки
EL024EWKNGN5,Elena,Платье,19900,19900,Платье
MP002XW0DBVF,Ultramarine,Куртка утепленная,21590,21590,Куртка
SW007EWJPYX3,Sweewe,Жакет,6799,2715,Жакет
RE160EWJMEG0,Reebok,Толстовка TS QC FULLZIP,5999,2933,Толстовка
MP002XW0DBQ5,Mademoiselle,Пончо,7499,5999,Пончо
DO260EWJKJM6,Dolce&Gabbana,Платье,140399,49135,Платье
MP002XW1GDOR,Befree,Блуза,999,539,Блуза
MP002XW02K6Q,Befree,Брюки,2299,2299,Брюки
MP002XW02IS9,Samos,Пальто,39900,34900,Пальто
MP002XW03BKU,Zarina,Свитер,2599,2599,Свитер
MP002XW0S4FQ,Lilaccat,Брюки,5940,5346,Брюки
KO008EWJMPC9,Koton,Куртка,2799,1045,Куртка
BY005EWKXHV2,b.young,Платье,7299,6560,Платье
SW007EWJPZE0,Sweewe,Юбка,3899,1165,Юбка
JA021EWKRXV9,Jack,Куртка утепленная MADISON AVENUE COAT,20990,15112,Куртка
MP002XW02I4X,Zarina,Джинсы,2399,2199,Джинсы
BY004EWFNRW7,By,Платье,4899,1955,Платье
JA021EWKRXV8,Jack,Пуховик HELIUM PEAK JACKET W,13390,12050,Пуховик
MP002XW02WXX,Zarina,Джемпер LIMITED COLLECTION,1999,1999,Джемпер
HE012EWKGQB8,Helly,Пуховик W ADEN DOWN PARKA,18990,18990,Пуховик
BR019EWKCDW8,Brave,Платье,2399,1075,Платье
UN001EWKJTI9,Under,Комплект PS Hipster 3Pack,2499,2120,Комплект
HE012EWKGQA1,Helly,Парка W RIGGING COAT,23990,23990,Парка
HE012EWKGPZ6,Helly,Парка W ADEN WINTER PARKA,15490,15490,Парка
RE160EWJMEF7,Reebok,Толстовка TE Fleece Fullzip,4999,2968,Толстовка
SE011EWKDPM1,See,Юбка,31300,13300,Юбка
HE012EWCJRF1,Helly,Пуховик W ADEN DOWN PARKA,18990,17090,Пуховик
MP002XW039DQ,Malaeva,Брюки спортивные,6990,6990,Брюки
SO017EWJINK2,Softy,Жакет,9099,2725,Жакет
EL026EWKRPZ7,Elsi,Куртка джинсовая,25499,11599,Куртка
SP014EWIAXE2,Springfield,Лиф,1999,895,Лиф
DO005EWKTDL1,Dorothy,Полупальто,5799,5210,Полупальто
BR019EWJXFJ5,Brave,Платье,1999,1799,Платье
MP002XW1GCSJ,Concept,Блуза,1799,1399,Блуза
DO005EWKTDK9,Dorothy,Полупальто,6399,5430,Полупальто
SN006EWKRIO0,Snow,Костюм спортивный,8999,3595,Костюм
DO005EWKTDK7,Dorothy,Полупальто,5799,3444,Полупальто
AD002EWJMTN4,adidas,"Платье с шортами, Y-DRESS GLAM ON",7990,4473,Платье
DO005EWKTDK6,Dorothy,Плащ,5799,4920,Плащ
MP002XW1IPVQ,Proud,Платье домашнее,1790,1790,Платье
TR015EWKQBR8,TrendyAngel,Костюм,7990,3595,Костюм
MP002XW02LGC,Fors,Брюки,4390,4390,Брюки
MP002XW1G5PA,Averistyle,Платье,6290,1480,Платье
MO012EWLABI8,Morgan,Джемпер,4999,3740,Джемпер
MP002XW02I4H,Zarina,Джинсы,2399,2199,Джинсы
DA002EWKYSA3,Dali,Куртка джинсовая,6799,6110,Куртка
CA939EWKRRR4,Calvin,Куртка кожаная,40200,40200,Куртка
MP002XW02F8O,Sensera,Бюстгальтер Berti,2790,2790,Бюстгальтер
AL030EWKZUC2,Allegri,Куртка утепленная,11990,8393,Куртка
AL030EWKZUB1,Allegri,Куртка утепленная,12299,5593,Куртка
AD002EWJMTP6,adidas,Пуховик W URBN J C.R.,16990,16990,Пуховик
MO012EWJTCN9,Morgan,Кардиган,5499,2470,Кардиган
AD002EWJMTP5,adidas,Пуховик W URBN J C.R.,16990,16990,Пуховик
MP002XW02J18,Fila,Брюки спортивные,2699,2699,Брюки
SU789EWKDIW1,Superdry,Футболка,2599,2200,Футболка
UN012EWKODV2,United,Майка домашняя,1299,721,Майка
VI005EWKWPS3,Violeta,Платье - PIPING7,6499,6499,Платье
PL003EWRSD21,Please,Юбка,5199,1035,Юбка
MP002XW02YOI,GK,Пальто,25990,25990,Пальто
MP002XW1GJZR,Raya,Куртка утепленная,8390,3770,Куртка
SE050EWJWJU5,Serge,Куртка кожаная,33300,33300,Куртка
RE025EWJWQA1,Red,Жакет,54300,21720,Жакет
MO012EWFVSA0,Morgan,Водолазка,2499,1749,Водолазка
VI005EWKWPD5,Violeta,Платье - LEOPARD7,6499,6499,Платье
VI005EWKVTW0,Violeta,Платье - PLATINUM-I,7499,7499,Платье
EL026EWKRPZ5,Elsi,Куртка джинсовая,22599,10276,Куртка
KA022EWKVWG2,Kama,Джемпер,14999,13490,Джемпер
IC461EWKVDT9,Iceberg,Свитер,38000,24320,Свитер
MP002XW1GCSI,Concept,Блуза,1799,1399,Блуза
UN012EWJZFQ1,United,Пижама,3799,2840,Пижама
HE012EWKGQD8,Helly,Свитер W TRICOLORE KNITTED SWEATER,12990,12990,Свитер
RE160EWJMED1,Reebok,Свитшот SR Oversized Coverup,5499,4399,Свитшот
AL030EWKZUB3,Allegri,Куртка утепленная,12299,8609,Куртка
DO005EWKQQL0,Dorothy,Пальто,7799,4634,Пальто
VI005EWKVTV6,Violeta,Платье - BEIGE,4999,4999,Платье
GE347EWKKRV3,Geox,Пуховик,25990,23390,Пуховик
MP002XW15ART,Befree,Куртка джинсовая,3299,3299,Куртка
UN797EWKHMQ4,UNQ,Полупальто,23699,23699,Полупальто
TR015EWKIPG1,TrendyAngel,Пальто,15990,14390,Пальто
GL008EWISCX1,Glamorous,Джемпер,2199,985,Джемпер
MP002XW14GOO,Concept,Куртка утепленная,3499,2199,Куртка
FR458EWJCHC4,Frankie,Джемпер,20300,9135,Джемпер
PE025EWJVTB1,Persona,Жакет ODESSA,24199,24199,Жакет
TR015EWKUMS6,TrendyAngel,Комбинезон,7990,6390,Комбинезон
AS455EWKAWJ4,ASICS,Ветровка LITE-SHOW JACKET,6990,6990,Ветровка
PI752EWJPRB0,Pieces,Юбка,3399,1525,Юбка
VI005EWKVRE4,Violeta,Платье - EVELYN,7499,7499,Платье
SI029EWKAVJ6,Sitlly,Костюм спортивный,5899,4719,Костюм
UN001EWKJUA9,Under,Топ спортивный Armour Mid Sportstyle Graphic Bra,2499,2499,Топ
GL008EWBHKD8,Glamorous,Шуба,7199,4529,Шуба
JA021EWKRXV6,Jack,Пуховик TROPOSPHERE JACKET W,16190,14570,Пуховик
TR022EWHLZG6,Triumph,Трусы Smart Micro Brazilian-String,1199,1199,Трусы
KO008EWKWIC0,Koton,Блуза,1599,1350,Блуза
VA984EWKJML7,Vans,Платье,7690,3845,Платье
VI005EWKVSZ6,Violeta,Туника - ROBER,6499,6499,Туника
TR016EWKOOZ4,Trussardi,Платье,17200,10320,Платье
NI464EWJOLN8,Nike,Куртка утепленная W NSW CORE SYN PARKA,9299,9299,Куртка
RE160EWJMED0,Reebok,Свитшот SR Oversized Coverup,5499,4399,Свитшот
MP002XW02ROE,Froggi,Куртка утепленная,6299,6299,Куртка
TR015EWKXMI6,TrendyAngel,Платье,3990,3990,Платье
RE005EWJMIO6,Reebok,Ветровка CL D ANORAK,6499,6499,Ветровка
TR015EWKXMH0,TrendyAngel,Платье,3990,2392,Платье
PE299EWJVWN0,Pepe,Юбка джинсовая RACHEL SKIRT,6199,5570,Юбка
GE347EWKKRW2,Geox,Куртка утепленная,19990,19990,Куртка
MP002XW1G25I,Intimissimi,Блуза,8999,8999,Блуза
FR458EWJCHC3,Frankie,Джемпер,21400,8560,Джемпер
DO005EWKQQK8,Dorothy,Джемпер,2899,1450,Джемпер
TR015EWKIPF0,TrendyAngel,Пальто,14990,14990,Пальто
GE347EWKKRT7,Geox,Шуба,23790,16176,Шуба
MA111EWJVQP7,Max&Co,Пуховик POLVERE,55200,55200,Пуховик
DI303EWJPIG6,Diesel,Джемпер,20899,13368,Джемпер
TR015EWKUMS1,TrendyAngel,Платье,4990,3392,Платье
JA653EWKFSU1,Jacob,Джинсы,50500,32320,Джинсы
PE003EWJVPP4,Pennyblack,Пиджак STROFE,33000,33000,Пиджак
DA002EWLBFU7,Dali,Свитер,3399,3399,Свитер
MP002XW11GLU,Vassa&Co,Пуховик,7900,7900,Пуховик
DA002EWKYSA2,Dali,Куртка джинсовая,6799,5770,Куртка
JO025EMJMYA1,Jordan,Ветровка M J JUMPMAN WAVE JKT,7299,7299,Ветровка
AR020EWJQXD4,Arma,Куртка кожаная,39299,29470,Куртка
TR015EWKSKW4,TrendyAngel,Платье,4990,2992,Платье
IV006EWINHW1,Ivyrevel,Джинсы,7399,2955,Джинсы
EV006EWLAND7,Evans,Джинсы,3199,3199,Джинсы
IC461EWKTUY6,Iceberg,Джинсы,28500,22800,Джинсы
DA002EWLBFU6,Dali,Свитер,3399,3399,Свитер
TO263EWKXGI5,Tommy,Комплект THONG,3990,3990,Комплект
NI464EWJOLX7,Nike,Ветровка W NK ESSENTIAL JACKET PLUS,6499,6499,Ветровка
TO067EWKTDM7,Topshop,Платье,11899,6657,Платье
MP002XW1CQ7O,Befree,Куртка утепленная,2999,2399,Куртка
TH008EWJPOG7,Theory,Пальто,88200,55566,Пальто
EV006EWKMNE6,Evans,Джеггинсы,2799,1959,Джеггинсы
TO052EWJQSX2,Tommy,Сарафан,11990,11990,Сарафан
NI464EWJOLO5,Nike,Куртка утепленная W NSW CORE SYN JKT,7799,7799,Куртка
UN012EWFUYE8,United,Боди,2599,1540,Боди
DO005EWKTDK4,Dorothy,Джинсы,2599,1810,Джинсы
PE299EWJUXM8,Pepe,Куртка джинсовая VOLT FLOW,10699,5614,Куртка
PU053EWJZQE7,PUMA,Костюм спортивный Classic Sweat Suit,5990,5990,Костюм
SW007EWJPZC0,Sweewe,Платье,8299,2695,Платье
PE003EWJVPO8,Pennyblack,Юбка LILLIPUT,13900,13900,Юбка
MP002XW1C2DJ,Finn,Блуза,3499,1093,Блуза
RE160EWIVOM2,Reebok,Худи,3999,3999,Худи
CH057EWKIHK8,Chiara,Куртка утепленная,66400,66400,Куртка
BY004EWHKWR4,By,Пуловер,3899,1165,Пуловер
MA114EWLF607,Marcella,Куртка утепленная,18999,12911,Куртка
EV006EWJYDY8,Evans,Джеггинсы,2599,1949,Джеггинсы
DO005EWKTDK2,Dorothy,Джеггинсы,2299,1281,Джеггинсы
RO165EWJASY3,Roxy,Купальник SISTERS,7490,3370,Купальник
SP014EWKEHE4,Springfield,Платье,3199,2559,Платье
RO165EWLFKE7,Roxy,Куртка утепленная,17199,17199,Куртка
AL030EWKUND3,Allegri,Комбинезон утепленный,16699,14194,Комбинезон
RE160EWHWGA9,Reebok,Толстовка,5299,5299,Толстовка
DA002EWKYSA1,Dali,Куртка джинсовая,6799,5770,Куртка
AD093EWJLZU2,adidas,Ветровка WINDBREAKER,7999,3633,Ветровка
SP014EWGCQJ3,Springfield,Платье,2799,975,Платье
EV006EWJSHI4,Evans,Платье домашнее,3099,1390,Платье
PE003EWJVPO7,Pennyblack,Юбка RISMA,23600,23600,Юбка
TO793EWKKLX7,Tom,Пальто,8199,5730,Пальто
PE003EWJVPP2,Pennyblack,Пиджак TREGUA,33000,33000,Пиджак
BR019EWKNKX2,Brave,Пуловер,2199,1302,Пуловер
MP002XW0SFQV,Merrell,Пуховик,11999,11999,Пуховик
RO165EWKNRM4,Roxy,Куртка утепленная,8599,8599,Куртка
DI303EWKUXQ3,Diesel,Джинсы SLANDY-LOW,19599,8815,Джинсы
PE003EWJVOS5,Pennyblack,Пальто LIZZA,46500,46500,Пальто
NI464EWFLCZ0,Nike,Костюм спортивный Sportswear Women's Tracksuit,4799,4799,Костюм
UN012EWJZBB3,United,Лонгслив домашний,1799,1610,Лонгслив
MP002XW14FDP,Concept,Куртка кожаная,2499,1799,Куртка
SO017EWJINS9,Softy,Платье,6699,2340,Платье
RO165EWKNQO8,Roxy,Платье,4790,3664,Платье
EL024EWKNGH4,Elena,Кардиган,19900,14328,Кардиган
BR019EWJXCD3,Brave,Джемпер,1599,1599,Джемпер
BU024EWKLZH0,Bulmer,Пуховик,19799,17810,Пуховик
MP002XW1GDN0,Electrastyle,Пальто,11490,8700,Пальто
NI464EWJOLD2,Nike,Платье W NSW DRESS FT M2Z,5999,3143,Платье
DO005EWKOFK1,Dorothy,Куртка,4699,2350,Куртка
NI464EWJOKZ7,Nike,Юбка W NSW ICN CLSH SKIRT WVN,3799,1589,Юбка
AD005EWIPVW2,adL,Джемпер,3499,1570,Джемпер
RO165EWLFKF5,Roxy,Футболка,2899,2899,Футболка
CA105EWKERG8,Calvin,Куртка утепленная,26990,26990,Куртка
NI464EWJOKA4,Nike,Куртка W NK SWOOSH RUN PO JKT,5699,5699,Куртка
MP002XW18SCX,Love,Блуза,3999,2599,Блуза
DI303EWKUXM6,Diesel,Джинсы ARYEL,15699,7060,Джинсы
MO012EWJTBH9,Morgan,Брюки,4999,2245,Брюки
AD093EWLBPI1,adidas,Рубашка SATIN DRESS,6299,2830,Рубашка
NI031EWGJIP9,Nice,Жакет,3899,1555,Жакет
NA018EWJHNA0,Naf,Платье,7899,3155,Платье
DA002EWKYRZ3,Dali,Куртка джинсовая,6399,5430,Куртка
AD005EWIPVW0,adL,Джемпер,3499,1395,Джемпер
AD002EWJMSW4,adidas,Куртка утепленная W BTS LIGHT JKT,7990,5990,Куртка
VI005EWLABV3,Violeta,Пальто - TIERRA,15999,15999,Пальто
MP002XW1GCV7,Concept,Платье,3499,2999,Платье
DI073EWLAOZ8,Diverius,Джинсы,4890,3080,Джинсы
MP002XW16P2O,Mavi,Куртка джинсовая JILL,5599,4999,Куртка
TO029EWJNZW7,Topshop,Трусы,749,448,Трусы
CA142EWKTEF0,Care,Куртка джинсовая,10199,3565,Куртка
RE025EWKDHA2,Red,Свитшот,28600,18304,Свитшот
RO165EWLFKF4,Roxy,Футболка,2899,2899,Футболка
SI007EWJYVO3,Sisley,Кардиган,6490,6490,Кардиган
AD093EWJLZT8,adidas,Брюки спортивные SST PANTS PB,5475,3936,Брюки
TR428EWKTMH1,Trailhead,Пуховик,31799,31799,Пуховик
MP002XW1CQ9B,Befree,Платье,1999,1999,Платье
VI005EWKSCV6,Violeta,Шуба - MAO,12999,12999,Шуба
BS002EWKTCG0,B.Style,Плащ,12799,5115,Плащ
MP002XW1BZG1,Concept,Платье,2499,2499,Платье
TR015EWKQBR7,TrendyAngel,Костюм,7990,3595,Костюм
MP002XW1CQ7K,Befree,Шуба,3999,3199,Шуба
NI464EWHUED6,Nike,Юбка-шорты W NKCT DRY SKIRT STR,3199,2879,Юбка-шорты
AD002EWJMTL9,adidas,Плащ W MYSHELTER PRK,21990,21990,Плащ
AD002EWLEVO5,adidas,Тайтсы ASK SP LONG T,4999,4999,Тайтсы
DA002EWKYSA5,Dali,Джинсы,3199,2390,Джинсы
MP002XW11LXI,Fors,Платье,6390,6390,Платье
RE160EWJMEM8,Reebok,Футболка TE Graphic Tee-Real Tee,2399,1085,Футболка
MP002XW1IHJ5,Milana,Жакет,3100,3100,Жакет
UN012EWJZBB2,United,Лонгслив домашний,1799,1610,Лонгслив
YU001EWHEXY3,Yumi,Пуловер,8699,2605,Пуловер
AD002EWJMSW2,adidas,Куртка утепленная W BTS LIGHT JKT,7990,4193,Куртка
AD002EWKQST6,adidas,Тайтсы W FC COOL TIGHT,2999,2152,Тайтсы
MA115EWKPOQ2,Mamma,Куртка утепленная,25499,9814,Куртка
MP002XW11LAV,Rodionov,Сарафан,5690,2850,Сарафан
DA002EWGDUU2,Dali,Джинсы,3299,2800,Джинсы
BR019EWKCDU9,Brave,Джинсы,2399,1253,Джинсы
GE347EWKKRX8,Geox,Куртка утепленная,19990,19990,Куртка
MP002XW11BUJ,Minaku,Сарафан,3599,3599,Сарафан
QU192EWLFMR7,Quiksilver,Куртка,7399,7399,Куртка
WO004FWKFJP1,women'secret,Носки,399,359,Носки
WA007EWKVPZ1,Wallis,Джемпер,3299,2470,Джемпер
MA111EWJVQP4,Max&Co,Пуховик OLEANDRO,48600,48600,Пуховик
DI303EWJPIK1,Diesel,Брюки,14199,11350,Брюки
TO029EWISPS3,Topshop,Трусы,699,520,Трусы
BR019EWKCDU7,Brave,Джинсы,2399,2399,Джинсы
BI009EWJRRA1,Billabong,Куртка джинсовая WORKING WOMAN,9199,3215,Куртка
MP002XW0XFG0,Befree,Куртка утепленная,2999,2999,Куртка
MP002XW1HTV6,Alina,Пальто,13890,13890,Пальто
MP002XW1HUDR,Befree,Юбка,1999,479,Юбка
MP002XW0H8D4,Grey,Платье DINIA,7990,7990,Платье
AD021EWLCBQ7,Adrixx,Джинсы,4899,4899,Джинсы
MP002XW170UV,Love,Блуза,3599,1663,Блуза
BL049EWJNVF3,Blauer,Куртка утепленная REPREVE,28900,26010,Куртка
RO165EWKNRM3,Roxy,Куртка утепленная,7599,7599,Куртка
MP002XW0GX4G,Анна,Платье,7900,7900,Платье
AD002EWJMTP1,adidas,Пуховик W MYSHELTER C.R,26990,26990,Пуховик
TH008EWJPOF0,Theory,Шуба,56000,50400,Шуба
NA021EWKIHD8,Nativos,Костюм спортивный,3299,1480,Костюм
DA002EWKYRZ1,Dali,Брюки спортивные,2699,2699,Брюки
DA002EWKYRZ2,Dali,Куртка джинсовая,6399,5430,Куртка
MP002XW0FUST,Mossmore,Платье,3990,1990,Платье
VI005EWKSQU0,Violeta,Кардиган - GUATA,4999,4999,Кардиган
MP002XW10E8I,Gollehaug,Пуловер,10990,6040,Пуловер
CA105EWJIGC4,Calvin,Джинсы,11990,9592,Джинсы
WO004FWKFJP0,women'secret,Носки,399,359,Носки
MP002XW0Z6WO,Milana,Пончо,3390,3390,Пончо
MI048EWKPGP5,Michael,Шуба,48300,48300,Шуба
RE005EWJMJL8,Reebok,Свитшот CL D CREW,4499,2359,Свитшот
VI004EWKMFS3,Vila,Водолазка,2899,2029,Водолазка
MO051EWKYAR7,Modelle,Дубленка,14599,6817,Дубленка
VE003EWHKNX0,Venera,Кардиган,3199,2295,Кардиган
BI015EWKUHU0,Bigtora,Комбинезон утепленный,20399,16319,Комбинезон
MP002XW0EDVM,Оддис,Платье,3190,3190,Платье
CA142EWKTEE8,Care,Куртка джинсовая,12899,4510,Куртка
MP002XW1HU7R,Zarina,Юбка,3199,1343,Юбка
MP002XW0DBDZ,Ancora,Платье,4100,3075,Платье
SW007EWJPYX4,Sweewe,Комбинезон,7999,2795,Комбинезон
DA002EWKYRZ0,Dali,Брюки спортивные,2699,1880,Брюки
MP002XW1HNYB,Fest,Костюм,7392,2500,Костюм
MP002XW1IGLN,Proud,Платье домашнее,1790,1790,Платье
IX001XW00OEL,Oysho,Леггинсы,3599,3599,Леггинсы
MP002XW02SL4,Boss,Пончо Landara,30500,30500,Пончо
NA021EWKIHD7,Nativos,Костюм спортивный,3299,1480,Костюм
BS002EWIEQH3,B.Style,Пальто,9699,7759,Пальто
RE005EWHWEN6,Reebok,Худи,3399,2135,Худи
MP002XW02UR0,Perspective,Платье,18390,18390,Платье
NA021EWIENG8,Nativos,Куртка,5899,2650,Куртка
RO165EWLFKF3,Roxy,Топ,2399,2399,Топ
TR015EWKQBP3,TrendyAngel,Кардиган,4990,2992,Кардиган
KA047EWHQVI2,Karl,Джинсы,20600,9270,Джинсы
RE005EWJMJO9,Reebok,Футболка CL TEE (REE)CYCLE,2399,1169,Футболка
MP002XW02I7Z,Michael,Платье,21500,21500,Платье
MO051EWKYAR5,Modelle,Дубленка,14599,8679,Дубленка
MP002XW15CWI,LC,Блуза,1099,1099,Блуза
TH008EWKWOE1,Theory,Джемпер,51000,36720,Джемпер
EL026EWKRPY0,Elsi,Куртка джинсовая,22999,15631,Куртка
MP002XW11NXF,Fors,Джинсы,6290,6290,Джинсы
MP002XW0GJ7W,Maurini,Блуза,5790,2504,Блуза
MP002XW14FDM,Concept,Куртка кожаная,2499,1799,Куртка
MI048EWKPGN3,Michael,Полупальто,41990,41990,Полупальто
TR015EWKQBR6,TrendyAngel,Костюм,7990,5033,Костюм
MP002XW0037C,Yulia'Sway,Платье,17300,17300,Платье
WE017EWKSCA8,Weekend,Плащ CALI,95550,95550,Плащ
ZI007EWKPQO8,Zizzi,Блуза,4999,4999,Блуза
RO165EWIJEQ2,Roxy,Плавки,2999,1195,Плавки
MP002XW02UAO,Asya,Плащ,16000,16000,Плащ
SP014EWKEGV2,Springfield,Джемпер,2799,2239,Джемпер
NI464EWJOLN9,Nike,Куртка утепленная W NSW CORE SYN PARKA,9299,9299,Куртка
WA007EWJPMT4,Wallis,Джинсы,3899,1950,Джинсы
DA002EWKVPJ3,Dali,Тайтсы,1999,1999,Тайтсы
RE036EWKCQK3,Regatta,Куртка утепленная Bergonia II,6499,6499,Куртка
MP002XW1G6SF,RaiMaxx,Юбка,10900,7600,Юбка
SI007EWJYWV8,Sisley,Куртка утепленная,15490,15490,Куртка
UN012EWJZES7,United,Джинсы,5599,5030,Джинсы
CO011EWKHBD4,Converse,Брюки спортивные,5200,5200,Брюки
WA007EWKYGB7,Wallis,Свитер,4699,3520,Свитер
RE005EWJMJN6,Reebok,Футболка CL GP WE MOC NECK TEE,2699,1619,Футболка
AD002EWJMSX1,adidas,Куртка утепленная W BSC INS J,7490,7490,Куртка
MI048EWKPGN0,Michael,Шуба,45700,45700,Шуба
UN012EWJZBA4,United,Платье домашнее,2499,2499,Платье
UN012EWJZES5,United,Джинсы,4999,2793,Джинсы
PU053EWJZQP9,PUMA,Худи Train Stretch Knit Hoodie,4790,3664,Худи
MP002XW1G7FR,Rip,Куртка,9790,7790,Куртка
MP002XW15ACD,Columbia,Куртка утепленная Lindores™,13999,13999,Куртка
CA105EWKWXL2,Calvin,Брюки,14990,14990,Брюки
MP002XW11BDK,Модные,Пончо,7790,4674,Пончо
MP002XW1CQ9K,Befree,Юбка,999,999,Юбка
CA105EWKERO5,Calvin,Брюки,19990,19990,Брюки
MO012EWJTBV0,Morgan,Платье,6999,3145,Платье
MP002XW0RTGX,Zarina,Куртка утепленная,5999,3799,Куртка
MP002XW1GXGB,Cleo,Костюм спортивный,5300,5300,Костюм
MI048EWKPGS8,Michael,Платье,41990,41990,Платье
DA002EWKYRY7,Dali,Куртка джинсовая,6999,5940,Куртка
MP002XW15CS6,LC,Блуза,1099,1099,Блуза
RE160EWLBPK4,Reebok,Шорты спортивные LM EPIC LIGHTWEIGHT BLACK,3199,1673,Шорты
TR016EWKOPC3,Trussardi,Джинсы,15200,12160,Джинсы
DA002EWKYRY6,Dali,Куртка джинсовая,6999,5940,Куртка
SP014EWKEGU9,Springfield,Водолазка,2799,2799,Водолазка
AE003EWJRNQ5,Aeronautica,Куртка утепленная,23500,23500,Куртка
WA007EWKYGB6,Wallis,Куртка кожаная,7299,6560,Куртка
TR015EWKIPF9,TrendyAngel,Пальто,13990,8323,Пальто
RU006EWKNCS5,Rukka,Термобелье низ,2799,2230,Термобелье
SP014EWKEGU5,Springfield,Джемпер,2799,2799,Джемпер
RO165EWKNRK6,Roxy,Джемпер,6699,6699,Джемпер
TR016EWKOPO0,Trussardi,Куртка утепленная,27800,27800,Куртка
TO029EWLBEO1,Topshop,Джинсы,4999,4999,Джинсы
MP002XW15AGL,Love,Блуза Exclusive online,2799,1387,Блуза
MP002XW02J1B,Merrell,Пуховик,15999,15999,Пуховик
CA105EWKERO4,Calvin,Брюки,19990,19990,Брюки
SO017EWJINQ2,Softy,Куртка кожаная,9099,3635,Куртка
NI464EWKXQU7,Nike,Толстовка W NK DRY GET FIT FC FZ H ES GX,4990,4990,Толстовка
MA160EWBSSJ0,МатильДа,Платье,7499,2995,Платье
MA111EWJVQK1,Max&Co,Платье CILE,24900,24900,Платье
MP002XW1GCDC,Zarina,Жилет Limited edition,3599,2015,Жилет
MP002XW1F08Y,Zarina,Жакет,3999,2399,Жакет
RO165EWKNRK4,Roxy,Кардиган,6699,6699,Кардиган
MA111EWJVQJ6,Max&Co,Платье AGATA,23600,23600,Платье
RO165EWJRTW4,Roxy,Топ,3699,1290,Топ
TO029EWKMNH5,Topshop,Джинсы,5399,2425,Джинсы
CA105EWKERO3,Calvin,Брюки,14990,14990,Брюки
MP002XW039RO,Zarina,Пуховик,5999,4599,Пуховик
MP002XW1127O,Vera,Куртка,10990,6590,Куртка
RO165EWKNRK2,Roxy,Кардиган,6999,6999,Кардиган
MA111EWJVQP1,Max&Co,Куртка утепленная FILARE,39400,39400,Куртка
RO165EWKNRL6,Roxy,Куртка утепленная,8599,8599,Куртка
IV006EWHFFK4,Ivyrevel,Платье,5199,3639,Платье
PI030EWKOXQ7,Pink,Пальто,18699,7475,Пальто
NI464EWKNWV2,Nike,Олимпийка W NSW QZ ARCHIVE RMX,6199,4471,Олимпийка
UN012EWJZEM8,United,Пальто,13999,12590,Пальто
MP002XW0HT4O,Zarina,Пальто,5599,3107,Пальто
WA007EWKVPZ7,Wallis,Блуза,3699,3320,Блуза
VI005EWKEXL3,Violeta,Куртка кожаная - GEMEL7,8999,8999,Куртка
TO029EWJWYM4,Topshop,Джинсы,4699,2350,Джинсы
VI005EWLFBC1,Violeta,Джинсы - IRENE,6499,6499,Джинсы
RO165EWKNQQ0,Roxy,Джемпер,6299,6299,Джемпер
MP002XW0EAC2,Merrell,Куртка утепленная,3999,3999,Куртка
IN012EWIUF71,Indiano,Платье,6499,2920,Платье
MP002XW1G7FQ,Rip,Ветровка ANTI SERIES EIGHTEES JACKET,10790,8190,Ветровка
PI752EWJPQZ6,Pieces,Джемпер,3899,1750,Джемпер
BY004EWFNRW3,By,Брюки спортивные,3199,1275,Брюки
MP002XW19D8W,Lime,Юбка,1999,1999,Юбка
IM004EWRSB44,Imperial,Платье,7399,2030,Платье
PU053EWIHHC8,PUMA,Трусы STATEMENT BRAZILIAN 1P,1190,665,Трусы
TR016EWKOPJ3,Trussardi,Куртка утепленная,18200,18200,Куртка
VI005EWLADG1,Violeta,Брюки - ELASTIC7,3599,3599,Брюки
MI048EWJUBB8,Michael,Пуховик,27900,27900,Пуховик
VI005EWLABW5,Violeta,Брюки - CORE7,4999,4999,Брюки
IC006EWJNTQ8,Iceberg,Платье,59400,17820,Платье
MA114EWKPOS5,Marcella,Куртка утепленная,20999,8078,Куртка
UL002EWKHVW3,Ulla,Блуза,11599,6895,Блуза
MP002XW14E4H,Millennials,Рубашка,13990,6990,Рубашка
SP014EWKEGZ8,Springfield,Джинсы SLIM CROPPED,3199,3199,Джинсы
MP002XW15CRW,LC,Юбка,1099,1099,Юбка
GO015EWIRXY7,Goddiva,Платье,8299,3730,Платье
MP002XW1IPFO,Luce,Комплект 1606/4,299,299,Комплект
MP002XW1CQ9X,Befree,Жакет,2599,2079,Жакет
PA079EWJZAI6,Part,Джемпер,13999,12590,Джемпер
TR015EWKQBR5,TrendyAngel,Костюм,7990,3595,Костюм
GL008EWKBCE0,Glamorous,Платье,4800,2160,Платье
NI464EWJSNS6,Nike,Толстовка NIKE W NSW GYM VNTG FZ,4990,4990,Толстовка
AD093EWHLJB4,adidas,Леггинсы,3499,3499,Леггинсы
TO263EWKXIZ0,Tommy,Футболка,4490,4490,Футболка
MA114EWKPOS4,Marcella,Куртка утепленная,20999,8813,Куртка
EL026EWKKGF6,Elsi,Платье,5599,3800,Платье
MP002XW1HV3A,Zarina,Джемпер,2999,1511,Джемпер
AL030EWKZUA4,Allegri,Дубленка,23299,13041,Дубленка
MP002XW13M79,Batista,Блуза,3990,3990,Блуза
UL002EWJXZF8,Ulla,Куртка утепленная,15299,13760,Куртка
TR428EWKALB3,Trailhead,Плащ,12199,8530,Плащ
MP002XW1EV59,Lelio,Костюм спортивный,7400,7400,Костюм
SO050EWJQXB0,Soaked,Джинсы,7899,4970,Джинсы
PE003EWJVPL9,Pennyblack,Джинсы GHETTE,13900,13900,Джинсы
UN012EWJZEI6,United,Пуховик,15599,15599,Пуховик
MA111EWJVQO1,Max&Co,Пальто OTTAVIA,55200,55200,Пальто
MP002XW1HU6W,Zarina,Джемпер,2999,1343,Джемпер
UL002EWJXZF2,Ulla,Блуза,4999,3592,Блуза
UL002EWJXZE3,Ulla,Блуза,8199,5320,Блуза
EL026EWKRPX4,Elsi,Куртка джинсовая,24699,8638,Куртка
AD005EWJFXB8,adL,Брюки,4599,1605,Брюки
DO005EWLANB7,Dorothy,Платье,4299,4299,Платье
DO005EWLANB6,Dorothy,Платье,3999,3999,Платье
MP002XW03BCV,Zarina,Юбка,2399,2399,Юбка
MP002XW11VH3,Love,Куртка джинсовая,4599,1840,Куртка
YT002EWKGZN2,Y.Two,Ветровка,12999,4545,Ветровка
BS002EWKTCF9,B.Style,Плащ,12799,5115,Плащ
NO963EWKNOT9,Noisy,Куртка,5199,2600,Куртка
BY004EWFNRW6,By,Платье,4899,1220,Платье
MP002XW1G9GJ,Adzhedo,Пуловер,4190,2790,Пуловер
MP002XW1CQ8R,Befree,Джемпер,1799,1529,Джемпер
TR016EWKOPJ2,Trussardi,Куртка утепленная,18200,18200,Куртка
PU053EWJZQP0,PUMA,Шорты спортивные Train First Mile Xtreme 2N1 Short,3990,3990,Шорты
IM004EWLEDM3,Imperial,Куртка утепленная,22599,22599,Куртка
PE003EWJVPL8,Pennyblack,Джинсы GHETTE,13900,13900,Джинсы
VI005EWKEWV3,Violeta,Куртка - PERLA,6499,6499,Куртка
MP002XW1CQ8P,Befree,Джемпер,1799,1529,Джемпер
MP002XW1IJYM,Alla,Трусы,330,299,Трусы
BR019EWKCDW7,Brave,Платье,2399,1075,Платье
TO072EWLEQY2,Toku,Водолазка,2399,2399,Водолазка
MI048EWJUBB5,Michael,Пончо,46990,46990,Пончо
MP002XW1CS05,Xarizmas,Костюм спортивный,4990,2990,Костюм
AD002EWJMUF4,adidas,Тайтсы OWN THE RUN TGT,4990,4490,Тайтсы
MP002XW1BZG2,Concept,Пиджак,2999,1999,Пиджак
YT002EWKGZN1,Y.Two,Ветровка,12999,4870,Ветровка
RE005EWJMJN5,Reebok,Футболка CL GP HOTEL CROPPED TEE,1999,1999,Футболка
MP002XW0EIA5,Concept,Куртка кожаная,2999,2199,Куртка
BI009EWJRQZ6,Billabong,Платье FINE FLUTTER,5699,1705,Платье
AD002EWJMUE9,adidas,Тайтсы W ST Glam Tight,3990,3590,Тайтсы
MP002XW114TE,Gloss,Пальто,6990,3490,Пальто
MP002XW18SDI,Love,Пуловер Exclusive online,2799,2099,Пуловер
MP002XW13IO0,Bask,Пуховик VESTA,19800,19800,Пуховик
BA007EWKZCG4,Baon,Платье,5599,5599,Платье
NA018EWKTRP7,Naf,Джинсы,4599,2980,Джинсы
RE005EUKGFZ5,Reebok,Футболка CL F SMALL VECTOR TEE,1999,1599,Футболка
MP002XW0XFFY,Befree,Куртка утепленная,3599,3599,Куртка
MP002XW1HU6Q,Colin's,Джинсы,3790,1599,Джинсы
SA037EWKNHF7,Samoon,Брюки,13000,9750,Брюки
MP002XW18SD7,Love,Пуловер Exclusive online,2799,2099,Пуловер
NI464EWJOLZ2,Nike,Ветровка W NSW JKT WVN ARCHIVE RMX PLUS,8199,5159,Ветровка
NI464EWJOMA9,Nike,Худи W NSW ICN CLSH HOODY FT PLUS,4799,4799,Худи
AD093EWJLZU1,adidas,Ветровка WINDBREAKER,5999,4072,Ветровка
MP002XW1190N,Deseo,Блуза,1599,1599,Блуза
AD002EWFKSG9,adidas,Брюки утепленные W Windfleece P,5490,4390,Брюки
MA111EWJVQM6,Max&Co,Пальто CURVA,43300,43300,Пальто
MP002XW1F08H,Zarina,Джинсы,2399,1659,Джинсы
MP002XW039RG,Zarina,Юбка,2399,2399,Юбка
QS006EWKIFX0,Q/S,Пальто,9999,8990,Пальто
BR049EWHVCF4,Brian,Платье,25400,8890,Платье
MO051EWKYAR4,Modelle,Дубленка,13999,9512,Дубленка
MP002XW034HH,Mark,Юбка,1690,1690,Юбка
NI464EWJOLX8,Nike,Тайтсы W NIKE ONE TGHT ICNCLSH P PLUS,3999,3590,Тайтсы
MP002XW121ZF,Lorani,Водолазка,3990,3990,Водолазка
MP002XW1F08E,Zarina,Брюки,2199,1599,Брюки
RE005EWJMJL1,Reebok,Платье CL GP WE HOODED DRESS,4999,4999,Платье
NI464EWJOLE6,Nike,Ветровка W NSW WR JKT TRANSPARENT,8199,8199,Ветровка
PE003EWJVOS1,Pennyblack,Куртка утепленная VAPORE,38000,38000,Куртка
MP002XW14JC3,Concept,Жилет,2999,2999,Жилет
NI464EWHTUW5,Nike,Тайтсы W NIKE ONE TGT CROP PLUS FA20,2699,2699,Тайтсы
MP002XW0RZUE,El,Джемпер,6800,6800,Джемпер
MP002XW18QOV,DeFacto,Плащ,2729,2729,Плащ
GE002EWKNGX3,Gerry,Куртка,21700,16270,Куртка
MP002XW03319,Lik,Платье,5370,5370,Платье
MP002XW0S2TX,Steinberg,Брюки,7990,4474,Брюки
TO029EWKPDW8,Topshop,Майка домашняя,899,572,Майка
WO004FWKFJO9,women'secret,Носки,399,359,Носки
MP002XW1IAQB,Theone,Пальто CLASSIC,30000,7990,Пальто
MP002XW10FQN,Love,Куртка джинсовая,3999,3210,Куртка
YU001EWHEXZ1,Yumi,Платье,11599,4055,Платье
MP002XW0H4XC,Xint,Джемпер,5690,3699,Джемпер
DE002EWJXIN2,Desigual,Куртка утепленная,20299,16239,Куртка
RO165EWIJJG7,Roxy,Топ,3290,1480,Топ
MP002XW0ZXI3,Joymiss,Куртка утепленная,10200,10200,Куртка
MP002XW1IJYL,Alla,Трусы,330,299,Трусы
MP002XW1252U,Mark,Жакет,2990,2093,Жакет
NI464EWHTUW4,Nike,Тайтсы W NSW LGGNG CLUB HW NIKE PLUS,2290,2290,Тайтсы
VI005EWLADH8,Violeta,Брюки - CARGO,4999,4999,Брюки
NI464EWJOLZ7,Nike,Олимпийка W NSW SWSH JKT PK PLUS,5699,5699,Олимпийка
YU001EWHEXZ0,Yumi,Платье,9499,3320,Платье
MA111EWJVQM1,Max&Co,Пальто QUARZO,60400,60400,Пальто
MP002XW0GPMR,Wisell,Джемпер,2120,2120,Джемпер
MP002XW150Y9,DeFacto,Ветровка,1069,1069,Ветровка
WA007EWKOFL2,Wallis,Платье,4599,2065,Платье
NA021EWKIHE1,Nativos,Леггинсы,3499,1570,Леггинсы
MP002XW1190M,Deseo,Блуза,1599,1599,Блуза
PU053EWJZQN3,PUMA,Шорты спортивные Run Woven 3 Short,3990,2513,Шорты
QU192EWLFMR6,Quiksilver,Куртка,6699,6699,Куртка
VE035EWKERF5,Versace,Брюки спортивные,35400,15930,Брюки
MA115EWKPOQ1,Mamma,Куртка утепленная,25499,8918,Куртка
MP002XW03FOL,Love,Пуловер,3599,3599,Пуловер
MP002XW150Y7,DeFacto,Ветровка,1109,1109,Ветровка
MP002XW15AO0,Befree,Джинсы,2299,1241,Джинсы
MP002XW1IJYU,Alla,Трусы,429,386,Трусы
NI464EWJOLE5,Nike,Ветровка W NSW WR JKT TRANSPARENT,8199,8199,Ветровка
MP002XW103TI,Velocity,Джинсы,4600,3950,Джинсы
MP002XW1CQ6U,Forlife,Костюм спортивный,4300,3440,Костюм
BY005EWKSZZ8,b.young,Пальто,10899,10899,Пальто
NI464EWJOLV7,Nike,Толстовка W NSW ESSNTL HOODY FZ FLC PLUS,4499,4499,Толстовка
MP002XW0EI9P,Concept,Куртка,2999,1999,Куртка
VI005EWKSCU9,Violeta,Платье - DELHY,7499,4999,Платье
MP002XW035ZP,Love,Свитер,3999,3999,Свитер
RO165EWKNRL1,Roxy,Пальто,11699,11699,Пальто
MP002XW103TE,Velocity,Джинсы,4600,3950,Джинсы
MP002XW1IHKD,Milana,Кардиган,3990,3990,Кардиган
MP002XW1F294,Albana,Куртка утепленная,43490,39190,Куртка
QU192EWLFMS7,Quiksilver,Футболка,2399,2399,Футболка
MP002XW0TTHG,Love,Джинсы,2999,1731,Джинсы
VA984EWKJML5,Vans,Платье,5590,5031,Платье
MP002XW1G8VW,Aylin,Пальто AS55,18500,18500,Пальто
PE003EWJVOR3,Pennyblack,Куртка кожаная GORILLA,40700,40700,Куртка
TO029EWKVHT1,Topshop,Брюки спортивные,4999,4999,Брюки
UL002EWJXZC7,Ulla,Платье,8199,5730,Платье
MP002XW0TTD6,Velocity,Джинсы,4200,3150,Джинсы
TO072EWKZPW7,Toku,Костюм,5799,2835,Костюм
TO029EWKVHU4,Topshop,Платье,6299,5660,Платье
EL026EWKRPX2,Elsi,Пальто,21199,7415,Пальто
MP002XW1H421,Alla,Трусы,649,584,Трусы
AD021EWKMVX0,Adrixx,Куртка утепленная,11999,4613,Куртка
AD002EWJMSW8,adidas,Пуховик W BTS HOODED JK,8490,8490,Пуховик
SU789EWKDIZ7,Superdry,Леггинсы,3399,3399,Леггинсы
MP002XW1G3GN,Anastasya,Куртка утепленная,15000,15000,Куртка
TO029EWKVHU1,Topshop,Платье,4599,3440,Платье
MP002XW11TVF,Gamelia,Жакет,9000,7650,Жакет
MP002XW034D7,Анна,Джемпер,2900,2900,Джемпер
TW008EWKPYZ2,Twinset,Жилет,43000,43000,Жилет
MP002XW02WXW,Zarina,Свитер LIMITED COLLECTION,3599,3599,Свитер
YT002EWKGZN0,Y.Two,Ветровка,12999,4545,Ветровка
MP002XW15F49,Mark,Костюм спортивный,1790,1790,Костюм
MP002XW0YG6F,Concept,Блуза,1499,1499,Блуза
BI015EWKUHW4,Bigtora,Парка,20999,8813,Парка
MP002XW1H41W,Alla,Трусы,499,449,Трусы
MP002XW02UQK,Perspective,Джемпер,11900,11900,Джемпер
MP002XW0TO1P,DeFacto,Брюки,1899,1599,Брюки
RE036EWKCQW8,Regatta,Куртка утепленная Myrrhine,5999,4790,Куртка
SU789EUKDIT7,Superdry,Брюки спортивные,5899,5010,Брюки
MP002XW1G8VG,Aylin,Пальто,21500,21500,Пальто
RO165EWKNRL0,Roxy,Куртка утепленная,7399,7399,Куртка
VI005EWKEWX1,Violeta,Блуза - TENCE,4999,3299,Блуза
MP002XW11ERY,Boss,Жакет LAMODA EXCLUSIVE,36000,36000,Жакет
RO165EWKNQO2,Roxy,Шуба,11999,11999,Шуба
MP002XW1GCBN,Electrastyle,Пальто,10890,8200,Пальто
TO029EWKQQP8,Topshop,Платье,4999,4240,Платье
MP002XW1IJYC,Luce,Боди,1690,1521,Боди
TO029EWKOFM9,Topshop,Платье,4599,2569,Платье
SW007EWJPZB9,Sweewe,Платье,8499,3185,Платье
MP002XW18REC,Urban,Свитшот,3999,3999,Свитшот
SP014EWKEGZ9,Springfield,Брюки,2799,2799,Брюки
MP002XW113KL,Gloss,Пальто,6990,3490,Пальто
MA111EWJVQM0,Max&Co,Пончо MISTRAL,21800,21800,Пончо
MP002XW11TNL,Anastasya,Плащ,9100,9100,Плащ
UN012EWJZEI5,United,Пуховик,15599,15599,Пуховик
MP002XW0S78P,Rip,Джинсы THE SEARCHERS,7930,5550,Джинсы
RE025EWJWQB3,Red,Платье,40800,36720,Платье
MA115EWKOWQ7,Mamma,Куртка утепленная,11199,5481,Куртка
MP002XW0TW6P,Lorani,Блуза,4190,2100,Блуза
MO012EWJTCN8,Morgan,Джемпер,3099,1390,Джемпер
MP002XW13INX,Bask,Пуховик LUNA,18600,18600,Пуховик
MP002XW0EDFQ,DeFacto,Джинсы,1499,1499,Джинсы
PU053EWLEYH2,PUMA,Платье Athletics Dress FL,3790,3790,Платье
MP002XW1BX6I,Mariline,Блуза,2200,1364,Блуза
SP027EWKSCB1,Sportmax,Шуба RICETTA,36300,36300,Шуба
MO012EWJTCM8,Morgan,Кардиган,3099,1295,Кардиган
MP002XW1686T,Дефиле,Трусы,799,699,Трусы
MP002XW0EBC4,Concept,Джинсы,1799,1799,Джинсы
MP002XW146JV,DeFacto,Куртка,2069,2069,Куртка
MP002XW1IIWW,Gorsenia,Пеньюар,4090,2863,Пеньюар
PE003EWJVOZ8,Pennyblack,Платье IBIS,17200,17200,Платье
MP002XW1G667,PF,Полупальто,6600,6600,Полупальто
MP002XW15HZ3,Hunny,Свитшот,2290,2290,Свитшот
SP014EWHWLQ7,Springfield,Брюки,3000,1050,Брюки
NI464EWJOLD1,Nike,Платье W NSW DRESS FT M2Z,5999,3353,Платье
MP002XW03BCL,Zarina,Джинсы,2199,2199,Джинсы
RU006EWKNCR9,Rukka,Пуховик,23299,23299,Пуховик
MO012EWJTCM1,Morgan,Кардиган,5899,2650,Кардиган
MP002XW0XFFX,Befree,Куртка утепленная,3599,3599,Куртка
SO017EWJINK9,Softy,Брюки,6699,2340,Брюки
MP002XW11FI4,Zarina,Блуза,1399,839,Блуза
AD021EWKIMU8,Adrixx,Куртка утепленная,11999,6293,Куртка
PU053EWJZQP7,PUMA,Футболка спортивная Train Pearl Tee,2990,1778,Футболка
MP002XW1IP6D,GALOLBO,Платье,1450,1450,Платье
MP002XW11HWC,Anastasya,Плащ,9100,9100,Плащ
MP002XW1II94,Luce,Трусы,399,319,Трусы
MA007EWKVMX4,Manila,Джемпер,19699,17720,Джемпер
EL026EWKRPX0,Elsi,Пальто,21199,7415,Пальто
MP002XW0S1AJ,Concept,Блуза,999,999,Блуза
MP002XW112AV,Infinity,Бюстгальтер,1199,399,Бюстгальтер
MP002XW036OT,Befree,Джинсы,2299,2299,Джинсы
MP002XW1INE9,Zarina,Платье,3999,1259,Платье
MP002XW0EI9O,Concept,Куртка,2999,1999,Куртка
MP002XW0EE1R,Zarina,Худи,2399,1999,Худи
KO008EWJMOE5,Koton,Пуловер,799,508,Пуловер
MP002XW114NB,You,Пиджак,9300,7400,Пиджак
MP002XW0RY9I,Belka,Плащ,13200,13200,Плащ
MP002XW1HG1K,SØ,Платье,9400,9400,Платье
BS002EWKRPI1,B.Style,Плащ,8499,3820,Плащ
MP002XW15AF9,Cleo,Костюм спортивный,3700,3700,Костюм
MA114EWKPOS3,Marcella,Куртка утепленная,21799,10674,Куртка
MP002XW112AT,Infinity,Бюстгальтер,1199,699,Бюстгальтер
MP002XW036OS,Befree,Джинсы,2999,2999,Джинсы
NI464EWJOKW4,Nike,Пуховик W NSW STMT DWN PARKA,19499,19499,Пуховик
MP002XW1G758,Модный,Платье,5990,3850,Платье
KO008EWJMOE2,Koton,Пуловер,799,608,Пуловер
AD002EWJMSV6,adidas,Куртка утепленная W ZNE Padded Jk,8990,8990,Куртка
RU006EWKNCT9,Rukka,Тайтсы,3599,2261,Тайтсы
MP002XW0342Y,Mustang,Куртка джинсовая,6399,6399,Куртка
MP002XW1IBV3,Hunny,Сорочка ночная,1100,1100,Сорочка
MP002XW030VK,Befree,Джинсы,2999,2999,Джинсы
RO165EWKNSQ2,Roxy,Леггинсы,3899,2644,Леггинсы
ON380EWKZLQ3,Only,Куртка утепленная,8799,8799,Куртка
RI004EWITJG0,River,Лиф,2099,1259,Лиф
MP002XW0XFFW,Befree,Куртка утепленная,3599,3599,Куртка
MP002XW10ZKJ,Zarina,Блуза,1599,839,Блуза
MP002XW108VD,Joymiss,Костюм,12450,12450,Костюм
KA022EWKVWG4,Kama,Джемпер,14999,14999,Джемпер
MP002XW02OP2,Zarina,Пальто,5999,3799,Пальто
RE036EWKCQM0,Regatta,Куртка утепленная Fritha,7999,4473,Куртка
MP002XW1G3I6,Mark,Платье,2390,1673,Платье
MP002XW1HDRM,Dasti,Парка Denali,14290,14290,Парка
MP002XW1F85Y,Season,Платье,7000,7000,Платье
MP002XW030VJ,Befree,Джинсы,2999,2999,Джинсы
EL026EWKMCK2,Elsi,Куртка утепленная,11699,4501,Куртка
RO165EWKNSQ0,Roxy,Тайтсы,3599,2440,Тайтсы
MP002XW10YIB,Milanika,Кардиган,4299,4299,Кардиган
MP002XW11NXZ,DeFacto,Жилет спортивный,879,879,Жилет
MP002XW18PZA,Calvin,Платье,7600,3800,Платье
KA022EWKVWG3,Kama,Джемпер,14999,14999,Джемпер
AL030EWKZUA3,Allegri,Дубленка,23299,13041,Дубленка
MP002XW0RTGN,Zarina,Блуза,1599,1399,Блуза
MI074EWVIS87,Miss,Куртка утепленная,11899,3565,Куртка
SO017EWJINO5,Softy,Комбинезон,9699,3390,Комбинезон
PU053EWJZQJ2,PUMA,Футболка Ferrari Style Shield Tee,2990,2990,Футболка
MP002XW10S9V,SlimMe,Белье корректирующее,1990,1890,Белье
MP002XW0DZTP,Love,Свитшот Exclusive online,2599,1507,Свитшот
BY005EWKSZZ7,b.young,Пальто,13599,12230,Пальто
JU008EWJPJO1,Junarose,Джемпер,4399,2457,Джемпер
MP002XW02VBX,DeFacto,Джинсы,2299,2299,Джинсы
NE024EWLADS8,Nerouge,Куртка утепленная,12399,10539,Куртка
MO012EWJTBK3,Morgan,Юбка,5499,4120,Юбка
RE160EWLEZK6,Reebok,Брюки спортивные HR TRACK PANT,5299,4500,Брюки
AD002EWJMSU7,adidas,Ветровка OWN THE RUN JKT,6990,6990,Ветровка
MP002XW14NE7,Xarizmas,Платье,5600,1790,Платье
MP002XW0XFFV,Befree,Куртка утепленная,3599,3599,Куртка
QU192EWLFMR2,Quiksilver,Комбинезон,5399,5399,Комбинезон
MP002XW14NE5,Xarizmas,Платье,4990,1790,Платье
MP002XW0DB8I,Jolifashn,Куртка,14500,8800,Куртка
MP002XW0YB7I,Lina,Блуза,1900,1330,Блуза
MP002XW1H5HI,Alla,Футболка домашняя,699,559,Футболка
SC378EWKTUD3,Scotch&Soda,Куртка утепленная,14999,10499,Куртка
JU008EWJPJN8,Junarose,Джемпер,4399,2457,Джемпер
MP002XW14JC5,Concept,Платье,2399,2399,Платье
MA115EWKOWQ6,Mamma,Куртка утепленная,17499,9793,Куртка
MP002XW0RZ7E,Lina,Жилет,4500,3150,Жилет
MP002XW14NA5,Агапэ,Костюм спортивный,5800,3480,Костюм
MO051EWKYAR3,Modelle,Дубленка,13999,10702,Дубленка
PH006EWHVYL7,Phax,Шорты SPARK JOY,4299,1715,Шорты
MP002XW0TXPW,Lusio,Куртка,10950,10950,Куртка
FR458EWGEQG6,Frankie,Свитер,38200,17190,Свитер
MP002XW02MVM,Bawer,Джинсы,6990,4543,Джинсы
MP002XW11VJH,Xarizmas,Платье,2990,1490,Платье
AL030EWKUND8,Allegri,Костюм утепленный,16699,12056,Костюм
AL030EWKUND7,Allegri,Костюм утепленный,16699,11348,Костюм
RE160EWJMDT3,Reebok,Брюки спортивные TE Linear Logo FL Pant,3999,3999,Брюки
RE160EWJMEI9,Reebok,Топ спортивный WOR Mesh Bralette,2999,1673,Топ
MP002XW0YB7H,Lina,Блуза,1900,1330,Блуза
MP002XW036O9,Befree,Свитшот,1299,1299,Свитшот
MP002XW0EEFL,Befree,Рубашка,1299,1299,Рубашка
LO019EWZWT37,Lost,Юбка 3D FRINGED MINI SKIRT,2399,595,Юбка
MP002XW0GQXR,Lokis,Куртка,5400,5400,Куртка
